,profits_losses,asset,buy_index,time_held,buy_price,buy_date
0,0.0,GHRS,0,57,0.0,2021-06-25 04:00:00+00:00
1,2.7699999999999996,GHRS,57,3,23.22,2021-09-16 04:00:00+00:00
2,-1.4700000000000024,GHRS,60,3,20.45,2021-09-21 04:00:00+00:00
3,1.8150000000000013,GHRS,63,10,21.92,2021-09-24 04:00:00+00:00
4,2.914999999999999,GHRS,73,8,20.105,2021-10-08 04:00:00+00:00
5,4.4300000000000015,GHRS,81,3,17.19,2021-10-20 04:00:00+00:00
6,-4.6,GHRS,84,3,12.76,2021-10-25 04:00:00+00:00
7,-6.550000000000001,GHRS,87,10,17.36,2021-10-28 04:00:00+00:00
8,-0.03999999999999915,GHRS,97,4,23.91,2021-11-11 05:00:00+00:00
9,0.9499999999999993,GHRS,101,3,23.95,2021-11-17 05:00:00+00:00
10,-2.1099999999999994,GHRS,104,4,23.0,2021-11-22 05:00:00+00:00
11,3.5199999999999996,GHRS,108,5,25.11,2021-11-29 05:00:00+00:00
12,-3.332799999999999,GHRS,113,3,21.59,2021-12-06 05:00:00+00:00
13,2.2577999999999996,GHRS,116,4,24.9228,2021-12-09 05:00:00+00:00
14,-3.3850000000000016,GHRS,120,3,22.665,2021-12-15 05:00:00+00:00
15,2.1900000000000013,GHRS,123,3,26.05,2021-12-20 05:00:00+00:00
16,4.035,GHRS,126,14,23.86,2021-12-23 05:00:00+00:00
17,2.3249999999999993,GHRS,140,3,19.825,2022-01-13 05:00:00+00:00
18,7.35,GHRS,143,91,17.5,2022-01-19 05:00:00+00:00
19,0.15000000000000036,GHRS,234,10,10.15,2022-05-31 04:00:00+00:00
20,-1.1199999999999992,GHRS,244,7,10.0,2022-06-14 04:00:00+00:00
21,-0.11000000000000121,GHRS,251,13,11.12,2022-06-24 04:00:00+00:00
22,-1.3599999999999994,GHRS,264,9,11.23,2022-07-14 04:00:00+00:00
23,1.6199999999999992,GHRS,273,4,12.59,2022-07-27 04:00:00+00:00
24,-2.3499999999999996,GHRS,277,3,10.97,2022-08-02 04:00:00+00:00
25,-1.6999999999999993,GHRS,280,22,13.32,2022-08-05 04:00:00+00:00
26,3.139999999999999,GHRS,302,14,15.02,2022-09-07 04:00:00+00:00
27,0.34500000000000064,GHRS,316,10,11.88,2022-09-27 04:00:00+00:00
28,-0.6150000000000002,GHRS,326,44,11.535,2022-10-11 04:00:00+00:00
29,2.450000000000001,GHRS,370,4,12.15,2022-12-13 05:00:00+00:00
30,-1.3000000000000007,GHRS,374,103,9.7,2022-12-19 05:00:00+00:00
31,0.09999999999999964,GHRS,477,7,11.0,2023-05-18 04:00:00+00:00
32,-0.5304000000000002,GHRS,484,2,10.9,2023-05-30 04:00:00+00:00
33,-0.49959999999999916,GHRS,486,10,11.4304,2023-06-01 04:00:00+00:00
34,-0.8000000000000007,GHRS,496,3,11.93,2023-06-15 04:00:00+00:00
35,0.40500000000000114,GHRS,499,21,12.73,2023-06-21 04:00:00+00:00
36,1.3249999999999993,GHRS,520,27,12.325,2023-07-21 04:00:00+00:00
37,0.3699999999999992,GHRS,547,3,11.0,2023-08-29 04:00:00+00:00
38,0.4682000000000013,GHRS,550,8,10.63,2023-09-01 04:00:00+00:00
39,-0.3382000000000005,GHRS,558,3,10.1618,2023-09-14 04:00:00+00:00
40,2.9800000000000004,GHRS,561,33,10.5,2023-09-19 04:00:00+00:00
41,0.28999999999999915,GHRS,594,7,7.52,2023-11-03 04:00:00+00:00
42,0.0,ASUR,0,49,0.0,2019-11-19 05:00:00+00:00
43,-0.09999999999999964,ASUR,49,4,8.44,2020-01-31 05:00:00+00:00
44,-0.11000000000000121,ASUR,53,13,8.54,2020-02-06 05:00:00+00:00
45,2.5501000000000005,ASUR,66,31,8.65,2020-02-26 05:00:00+00:00
46,0.30989999999999984,ASUR,97,7,6.0999,2020-04-09 04:00:00+00:00
47,-0.2999999999999998,ASUR,104,6,5.79,2020-04-21 04:00:00+00:00
48,-0.20000000000000018,ASUR,110,9,6.09,2020-04-29 04:00:00+00:00
49,-0.1200000000000001,ASUR,119,6,6.29,2020-05-12 04:00:00+00:00
50,0.15000000000000036,ASUR,125,13,6.41,2020-05-20 04:00:00+00:00
51,-0.4900000000000002,ASUR,138,8,6.26,2020-06-09 04:00:00+00:00
52,0.04999999999999982,ASUR,146,5,6.75,2020-06-19 04:00:00+00:00
53,0.21980000000000022,ASUR,151,4,6.7,2020-06-26 04:00:00+00:00
54,0.2001999999999997,ASUR,155,7,6.4802,2020-07-02 04:00:00+00:00
55,-1.42,ASUR,162,62,6.28,2020-07-14 04:00:00+00:00
56,-0.41999999999999904,ASUR,224,3,7.7,2020-10-09 04:00:00+00:00
57,-0.28000000000000114,ASUR,227,4,8.12,2020-10-14 04:00:00+00:00
58,0.2699999999999996,ASUR,231,5,8.4,2020-10-20 04:00:00+00:00
59,0.3150000000000004,ASUR,236,6,8.13,2020-10-27 04:00:00+00:00
60,0.9050000000000002,ASUR,242,3,7.815,2020-11-04 05:00:00+00:00
61,-0.41999999999999993,ASUR,245,5,6.91,2020-11-09 05:00:00+00:00
62,-0.29000000000000004,ASUR,250,11,7.33,2020-11-16 05:00:00+00:00
63,-0.3799999999999999,ASUR,261,2,7.62,2020-12-02 05:00:00+00:00
64,0.4500000000000002,ASUR,263,3,8.0,2020-12-04 05:00:00+00:00
65,-0.15000000000000036,ASUR,266,4,7.55,2020-12-09 05:00:00+00:00
66,0.46999999999999975,ASUR,270,8,7.7,2020-12-15 05:00:00+00:00
67,-1.2400000000000002,ASUR,278,20,7.23,2020-12-28 05:00:00+00:00
68,-0.21999999999999886,ASUR,298,11,8.47,2021-01-27 05:00:00+00:00
69,0.5800999999999998,ASUR,309,11,8.69,2021-02-11 05:00:00+00:00
70,-0.010099999999999554,ASUR,320,8,8.1099,2021-03-01 05:00:00+00:00
71,0.2699999999999996,ASUR,328,9,8.12,2021-03-11 05:00:00+00:00
72,0.1999999999999993,ASUR,337,4,7.85,2021-03-24 04:00:00+00:00
73,-1.379999999999999,ASUR,341,100,7.65,2021-03-30 04:00:00+00:00
74,0.27999999999999936,ASUR,441,3,9.03,2021-08-20 04:00:00+00:00
75,-0.4299999999999997,ASUR,444,2,8.75,2021-08-25 04:00:00+00:00
76,0.129999999999999,ASUR,446,3,9.18,2021-08-27 04:00:00+00:00
77,-0.08000000000000007,ASUR,449,22,9.05,2021-09-01 04:00:00+00:00
78,-0.08000000000000007,ASUR,471,18,9.13,2021-10-04 04:00:00+00:00
79,0.0,ASUR,489,2,9.21,2021-10-28 04:00:00+00:00
80,-0.16999999999999993,ASUR,491,8,9.21,2021-11-01 04:00:00+00:00
81,0.5200000000000014,ASUR,499,12,9.38,2021-11-11 05:00:00+00:00
82,0.5099999999999998,ASUR,511,4,8.86,2021-11-30 05:00:00+00:00
83,-0.17999999999999972,ASUR,515,8,8.35,2021-12-06 05:00:00+00:00
84,0.29999999999999893,ASUR,523,4,8.53,2021-12-16 05:00:00+00:00
85,0.28000000000000025,ASUR,527,8,8.23,2021-12-22 05:00:00+00:00
86,0.79,ASUR,535,9,7.95,2022-01-04 05:00:00+00:00
87,-0.009999999999999787,ASUR,544,8,7.16,2022-01-18 05:00:00+00:00
88,0.1200000000000001,ASUR,552,9,7.17,2022-01-28 05:00:00+00:00
89,-0.27000000000000046,ASUR,561,2,7.05,2022-02-10 05:00:00+00:00
90,0.22000000000000064,ASUR,563,4,7.32,2022-02-14 05:00:00+00:00
91,0.04999999999999982,ASUR,567,12,7.1,2022-02-18 05:00:00+00:00
92,0.3899999999999997,ASUR,579,3,7.05,2022-03-09 05:00:00+00:00
93,0.41000000000000014,ASUR,582,16,6.66,2022-03-14 04:00:00+00:00
94,-0.2599999999999998,ASUR,598,5,6.25,2022-04-05 04:00:00+00:00
95,0.27010000000000023,ASUR,603,14,6.51,2022-04-12 04:00:00+00:00
96,0.35989999999999966,ASUR,617,4,6.2399,2022-05-03 04:00:00+00:00
97,-0.22670000000000012,ASUR,621,2,5.88,2022-05-09 04:00:00+00:00
98,0.006700000000000372,ASUR,623,6,6.1067,2022-05-11 04:00:00+00:00
99,-0.20000000000000018,ASUR,629,115,6.1,2022-05-19 04:00:00+00:00
100,-0.33000000000000007,ASUR,744,8,6.3,2022-11-02 04:00:00+00:00
101,-0.20999999999999996,ASUR,752,2,6.63,2022-11-14 05:00:00+00:00
102,-0.9900000000000002,ASUR,754,10,6.84,2022-11-16 05:00:00+00:00
103,-0.2699999999999996,ASUR,764,2,7.83,2022-12-01 05:00:00+00:00
104,-0.019999999999999574,ASUR,766,5,8.1,2022-12-05 05:00:00+00:00
105,-0.432500000000001,ASUR,771,3,8.12,2022-12-12 05:00:00+00:00
106,-0.8674999999999997,ASUR,774,9,8.5525,2022-12-15 05:00:00+00:00
107,-0.7699999999999996,ASUR,783,3,9.42,2022-12-29 05:00:00+00:00
108,0.6799999999999997,ASUR,786,9,10.19,2023-01-04 05:00:00+00:00
109,-0.4800000000000004,ASUR,795,2,9.51,2023-01-18 05:00:00+00:00
110,-0.5899999999999999,ASUR,797,19,9.99,2023-01-20 05:00:00+00:00
111,-0.47000000000000064,ASUR,816,2,10.58,2023-02-16 05:00:00+00:00
112,-2.6899999999999995,ASUR,818,13,11.05,2023-02-21 05:00:00+00:00
113,-0.25,ASUR,831,4,13.74,2023-03-10 05:00:00+00:00
114,0.7900000000000009,ASUR,835,3,13.99,2023-03-16 04:00:00+00:00
115,-0.7900000000000009,ASUR,838,2,13.2,2023-03-21 04:00:00+00:00
116,-0.2699999999999996,ASUR,840,6,13.99,2023-03-23 04:00:00+00:00
117,-0.4900000000000002,ASUR,846,5,14.26,2023-03-31 04:00:00+00:00
118,-1.0199999999999996,ASUR,851,10,14.75,2023-04-10 04:00:00+00:00
119,1.67,ASUR,861,11,15.77,2023-04-24 04:00:00+00:00
120,0.8300000000000001,ASUR,872,3,14.1,2023-05-09 04:00:00+00:00
121,0.5700000000000003,ASUR,875,16,13.27,2023-05-12 04:00:00+00:00
122,0.46999999999999886,ASUR,891,3,12.7,2023-06-06 04:00:00+00:00
123,-0.5199999999999996,ASUR,894,25,12.23,2023-06-09 04:00:00+00:00
124,-0.8599999999999994,ASUR,919,5,12.75,2023-07-18 04:00:00+00:00
125,4.199999999999999,ASUR,924,53,13.61,2023-07-25 04:00:00+00:00
126,0.4800000000000004,ASUR,977,4,9.41,2023-10-09 04:00:00+00:00
127,0.4399999999999995,ASUR,981,14,8.93,2023-10-13 04:00:00+00:00
128,0.22659999999999947,ASUR,995,5,8.49,2023-11-02 04:00:00+00:00
129,0.0,DZZ,0,43,0.0,2019-11-19 05:00:00+00:00
130,-0.0020999999999995467,DZZ,43,3,4.44,2020-01-23 05:00:00+00:00
131,0.2195999999999998,DZZ,46,4,4.4421,2020-01-28 05:00:00+00:00
132,0.7425000000000002,DZZ,50,52,4.2225,2020-02-03 05:00:00+00:00
133,-0.08000000000000007,DZZ,102,3,3.48,2020-04-17 04:00:00+00:00
134,-0.5390000000000001,DZZ,105,10,3.56,2020-04-22 04:00:00+00:00
135,0.29890000000000017,DZZ,115,9,4.099,2020-05-06 04:00:00+00:00
136,-0.09719999999999995,DZZ,124,3,3.8001,2020-05-19 04:00:00+00:00
137,0.3673000000000002,DZZ,127,3,3.8973,2020-05-22 04:00:00+00:00
138,-0.08000000000000007,DZZ,130,6,3.53,2020-05-28 04:00:00+00:00
139,0.054999999999999716,DZZ,136,5,3.61,2020-06-05 04:00:00+00:00
140,0.7850000000000001,DZZ,141,32,3.555,2020-06-12 04:00:00+00:00
141,0.25,DZZ,173,3,2.77,2020-07-29 04:00:00+00:00
142,-0.16000000000000014,DZZ,176,4,2.52,2020-08-03 04:00:00+00:00
143,0.17600000000000016,DZZ,180,15,2.68,2020-08-07 04:00:00+00:00
144,-0.016000000000000014,DZZ,195,13,2.504,2020-08-28 04:00:00+00:00
145,-0.1299999999999999,DZZ,208,4,2.52,2020-09-17 04:00:00+00:00
146,-0.050000000000000266,DZZ,212,2,2.65,2020-09-23 04:00:00+00:00
147,0.08000000000000007,DZZ,214,5,2.7,2020-09-25 04:00:00+00:00
148,-0.08000000000000007,DZZ,219,33,2.62,2020-10-02 04:00:00+00:00
149,-0.1599999999999997,DZZ,252,9,2.7,2020-11-18 05:00:00+00:00
150,0.06999999999999984,DZZ,261,4,2.86,2020-12-02 05:00:00+00:00
151,0.06000000000000005,DZZ,265,6,2.79,2020-12-08 05:00:00+00:00
152,0.06999999999999984,DZZ,271,4,2.73,2020-12-16 05:00:00+00:00
153,0.0,DZZ,275,3,2.66,2020-12-22 05:00:00+00:00
154,-0.11969999999999992,DZZ,278,34,2.66,2020-12-28 05:00:00+00:00
155,-0.35630000000000006,DZZ,312,15,2.7797,2021-02-17 05:00:00+00:00
156,-0.08400000000000007,DZZ,327,5,3.136,2021-03-10 05:00:00+00:00
157,0.21989999999999998,DZZ,332,3,3.22,2021-03-17 04:00:00+00:00
158,-0.1296999999999997,DZZ,335,5,3.0001,2021-03-22 04:00:00+00:00
159,0.07969999999999988,DZZ,340,9,3.1298,2021-03-29 04:00:00+00:00
160,0.10009999999999986,DZZ,349,12,3.0501,2021-04-12 04:00:00+00:00
161,-0.0248999999999997,DZZ,361,3,2.95,2021-04-28 04:00:00+00:00
162,0.18489999999999984,DZZ,364,7,2.9749,2021-05-03 04:00:00+00:00
163,0.20999999999999996,DZZ,371,9,2.79,2021-05-12 04:00:00+00:00
164,0.06000000000000005,DZZ,380,6,2.58,2021-05-25 04:00:00+00:00
165,-0.009999999999999787,DZZ,386,6,2.52,2021-06-03 04:00:00+00:00
166,-0.020000000000000018,DZZ,392,2,2.53,2021-06-11 04:00:00+00:00
167,-0.28000000000000025,DZZ,394,7,2.55,2021-06-15 04:00:00+00:00
168,-0.02499999999999991,DZZ,401,3,2.83,2021-06-24 04:00:00+00:00
169,0.03500000000000014,DZZ,404,4,2.855,2021-06-29 04:00:00+00:00
170,0.06509999999999971,DZZ,408,11,2.82,2021-07-06 04:00:00+00:00
171,-0.010099999999999998,DZZ,419,3,2.7549,2021-07-21 04:00:00+00:00
172,-0.04929999999999968,DZZ,422,92,2.765,2021-07-26 04:00:00+00:00
173,-0.010700000000000376,DZZ,514,6,2.8143,2021-12-03 05:00:00+00:00
174,-0.029999999999999805,DZZ,520,2,2.825,2021-12-13 05:00:00+00:00
175,0.0798000000000001,DZZ,522,3,2.855,2021-12-15 05:00:00+00:00
176,0.3151999999999999,DZZ,525,44,2.7752,2021-12-20 05:00:00+00:00
177,0.10899999999999999,DZZ,569,21,2.46,2022-02-23 05:00:00+00:00
178,-0.05900000000000016,DZZ,590,2,2.351,2022-03-24 04:00:00+00:00
179,0.07000000000000028,DZZ,592,10,2.41,2022-03-28 04:00:00+00:00
180,0.054999999999999716,DZZ,602,5,2.34,2022-04-11 04:00:00+00:00
181,-0.28600000000000003,DZZ,607,38,2.285,2022-04-19 04:00:00+00:00
182,-0.04899999999999993,DZZ,645,2,2.571,2022-06-13 04:00:00+00:00
183,-0.011099999999999888,DZZ,647,3,2.62,2022-06-15 04:00:00+00:00
184,-0.3689,DZZ,650,16,2.6311,2022-06-21 04:00:00+00:00
185,0.009999999999999787,DZZ,666,7,3.0,2022-07-14 04:00:00+00:00
186,0.15500000000000025,DZZ,673,15,2.99,2022-07-25 04:00:00+00:00
187,-0.21499999999999986,DZZ,688,17,2.835,2022-08-15 04:00:00+00:00
188,-0.06000000000000005,DZZ,705,4,3.05,2022-09-08 04:00:00+00:00
189,-0.09310000000000018,DZZ,709,6,3.11,2022-09-14 04:00:00+00:00
190,-0.26690000000000014,DZZ,715,2,3.2031,2022-09-22 04:00:00+00:00
191,0.10499999999999998,DZZ,717,5,3.47,2022-09-26 04:00:00+00:00
192,0.0951000000000004,DZZ,722,4,3.365,2022-10-03 04:00:00+00:00
193,-0.030100000000000016,DZZ,726,11,3.2699,2022-10-07 04:00:00+00:00
194,0.5299999999999998,DZZ,737,92,3.3,2022-10-24 04:00:00+00:00
195,0.1200000000000001,DZZ,829,3,2.77,2023-03-08 05:00:00+00:00
196,0.31999999999999984,DZZ,832,18,2.65,2023-03-13 04:00:00+00:00
197,0.1076999999999999,DZZ,850,5,2.33,2023-04-06 04:00:00+00:00
198,-0.14769999999999994,DZZ,855,5,2.2223,2023-04-14 04:00:00+00:00
199,0.050000000000000266,DZZ,860,5,2.37,2023-04-21 04:00:00+00:00
200,-0.010000000000000231,DZZ,865,5,2.32,2023-04-28 04:00:00+00:00
201,0.06000000000000005,DZZ,870,7,2.33,2023-05-05 04:00:00+00:00
202,-0.22999999999999998,DZZ,877,47,2.27,2023-05-16 04:00:00+00:00
203,0.040000000000000036,DZZ,924,3,2.5,2023-07-25 04:00:00+00:00
204,-0.10999999999999988,DZZ,927,24,2.46,2023-07-28 04:00:00+00:00
205,-0.02100000000000035,DZZ,951,12,2.57,2023-08-31 04:00:00+00:00
206,-0.05899999999999972,DZZ,963,2,2.591,2023-09-19 04:00:00+00:00
207,-0.27,DZZ,965,12,2.65,2023-09-21 04:00:00+00:00
208,0.14900000000000002,DZZ,977,3,2.92,2023-10-09 04:00:00+00:00
209,0.36099999999999977,DZZ,980,12,2.771,2023-10-12 04:00:00+00:00
210,-0.08000000000000007,DZZ,992,3,2.41,2023-10-30 04:00:00+00:00
211,-0.06999999999999984,DZZ,995,8,2.49,2023-11-02 04:00:00+00:00
212,0.0,FDV,0,49,0.0,2022-11-16 05:00:00+00:00
213,-0.007699999999999818,FDV,49,2,25.9773,2023-01-30 05:00:00+00:00
214,0.19899999999999807,FDV,51,5,25.985,2023-02-01 05:00:00+00:00
215,-0.2408999999999999,FDV,56,3,25.786,2023-02-08 05:00:00+00:00
216,0.22440000000000282,FDV,59,3,26.0269,2023-02-13 05:00:00+00:00
217,1.942499999999999,FDV,62,22,25.8025,2023-02-16 05:00:00+00:00
218,0.5399999999999991,FDV,84,3,23.86,2023-03-21 04:00:00+00:00
219,-0.6799999999999997,FDV,87,2,23.32,2023-03-24 04:00:00+00:00
220,-0.6062000000000012,FDV,89,12,24.0,2023-03-28 04:00:00+00:00
221,-0.2737999999999978,FDV,101,3,24.6062,2023-04-14 04:00:00+00:00
222,0.5345999999999975,FDV,104,5,24.88,2023-04-19 04:00:00+00:00
223,-0.2806999999999995,FDV,109,71,24.3454,2023-04-26 04:00:00+00:00
224,1.1461000000000006,FDV,180,9,24.6261,2023-08-08 04:00:00+00:00
225,0.05000000000000071,FDV,189,5,23.48,2023-08-21 04:00:00+00:00
226,0.125,FDV,194,6,23.43,2023-08-28 04:00:00+00:00
227,1.3650999999999982,FDV,200,41,23.305,2023-09-06 04:00:00+00:00
228,0.0,BTBD,0,41,0.0,2021-11-12 05:00:00+00:00
229,1.7199999999999998,BTBD,41,3,4.6,2022-01-12 05:00:00+00:00
230,-0.56,BTBD,44,4,2.88,2022-01-18 05:00:00+00:00
231,1.08,BTBD,48,5,3.44,2022-01-24 05:00:00+00:00
232,-0.20999999999999996,BTBD,53,6,2.36,2022-01-31 05:00:00+00:00
233,0.18999999999999995,BTBD,59,5,2.57,2022-02-08 05:00:00+00:00
234,0.22999999999999998,BTBD,64,70,2.38,2022-02-15 05:00:00+00:00
235,-0.3501000000000003,BTBD,134,11,2.15,2022-05-26 04:00:00+00:00
236,-0.31989999999999963,BTBD,145,5,2.5001,2022-06-13 04:00:00+00:00
237,0.3899999999999997,BTBD,150,15,2.82,2022-06-21 04:00:00+00:00
238,0.3600000000000003,BTBD,165,89,2.43,2022-07-13 04:00:00+00:00
239,0.06999999999999984,BTBD,254,3,2.07,2022-11-16 05:00:00+00:00
240,-0.20000000000000018,BTBD,257,3,2.0,2022-11-21 05:00:00+00:00
241,0.11000000000000032,BTBD,260,5,2.2,2022-11-25 05:00:00+00:00
242,0.06999999999999984,BTBD,265,3,2.09,2022-12-02 05:00:00+00:00
243,0.18999999999999995,BTBD,268,9,2.02,2022-12-07 05:00:00+00:00
244,0.13000000000000012,BTBD,277,6,1.83,2022-12-20 05:00:00+00:00
245,0.010000000000000009,BTBD,283,9,1.7,2022-12-29 05:00:00+00:00
246,-0.1381000000000001,BTBD,292,2,1.69,2023-01-12 05:00:00+00:00
247,0.0,BTBD,294,5,1.8281,2023-01-17 05:00:00+00:00
248,-0.11189999999999989,BTBD,299,6,1.8281,2023-01-24 05:00:00+00:00
249,0.24,BTBD,305,5,1.94,2023-02-01 05:00:00+00:00
250,-1.1500000000000001,BTBD,310,48,1.7,2023-02-08 05:00:00+00:00
251,0.3599999999999999,BTBD,358,5,2.85,2023-04-19 04:00:00+00:00
252,-0.3599999999999999,BTBD,363,2,2.49,2023-04-26 04:00:00+00:00
253,0.07000000000000028,BTBD,365,3,2.85,2023-04-28 04:00:00+00:00
254,0.009999999999999787,BTBD,368,29,2.78,2023-05-03 04:00:00+00:00
255,0.20999999999999996,BTBD,397,3,2.77,2023-06-14 04:00:00+00:00
256,0.6600000000000001,BTBD,400,95,2.56,2023-06-20 04:00:00+00:00
257,-0.050000000000000044,BTBD,495,5,1.9,2023-11-02 04:00:00+00:00
258,0.0,VBK,0,52,0.0,2019-11-19 05:00:00+00:00
259,27.09989999999999,VBK,52,70,202.2599,2020-02-05 05:00:00+00:00
260,-3.1899999999999977,VBK,122,2,175.16,2020-05-15 04:00:00+00:00
261,-23.02000000000001,VBK,124,16,178.35,2020-05-19 04:00:00+00:00
262,-0.15000000000000568,VBK,140,8,201.37,2020-06-11 04:00:00+00:00
263,8.420000000000016,VBK,148,3,201.52,2020-06-23 04:00:00+00:00
264,-24.400000000000006,VBK,151,37,193.1,2020-06-26 04:00:00+00:00
265,2.5,VBK,188,3,217.5,2020-08-19 04:00:00+00:00
266,-2.8079999999999927,VBK,191,2,215.0,2020-08-24 04:00:00+00:00
267,0.057999999999992724,VBK,193,7,217.808,2020-08-26 04:00:00+00:00
268,4.74199999999999,VBK,200,6,217.75,2020-09-04 04:00:00+00:00
269,7.388000000000005,VBK,206,8,213.008,2020-09-15 04:00:00+00:00
270,-15.689999999999998,VBK,214,27,205.62,2020-09-25 04:00:00+00:00
271,-13.759999999999991,VBK,241,6,221.31,2020-11-03 05:00:00+00:00
272,-3.7700000000000102,VBK,247,3,235.07,2020-11-11 05:00:00+00:00
273,-5.579999999999984,VBK,250,10,238.84,2020-11-16 05:00:00+00:00
274,-5.5800000000000125,VBK,260,2,244.42,2020-12-01 05:00:00+00:00
275,-19.0,VBK,262,18,250.0,2020-12-03 05:00:00+00:00
276,-0.12999999999999545,VBK,280,4,269.0,2020-12-30 05:00:00+00:00
277,-14.139999999999986,VBK,284,8,269.13,2021-01-06 05:00:00+00:00
278,-2.6357000000000426,VBK,292,2,283.27,2021-01-19 05:00:00+00:00
279,2.1557000000000244,VBK,294,9,285.9057,2021-01-21 05:00:00+00:00
280,-5.980000000000018,VBK,303,2,283.75,2021-02-03 05:00:00+00:00
281,-6.039999999999964,VBK,305,8,289.73,2021-02-05 05:00:00+00:00
282,22.226099999999974,VBK,313,13,295.77,2021-02-18 05:00:00+00:00
283,-7.316100000000006,VBK,326,7,273.5439,2021-03-09 05:00:00+00:00
284,7.7900000000000205,VBK,333,9,280.86,2021-03-18 04:00:00+00:00
285,-6.225000000000023,VBK,342,14,273.07,2021-03-31 04:00:00+00:00
286,4.395000000000039,VBK,356,28,279.295,2021-04-21 04:00:00+00:00
287,0.029999999999972715,VBK,384,3,274.9,2021-06-01 04:00:00+00:00
288,-1.6800000000000068,VBK,387,2,274.87,2021-06-04 04:00:00+00:00
289,-8.009999999999991,VBK,389,4,276.55,2021-06-08 04:00:00+00:00
290,-10.189999999999998,VBK,393,93,284.56,2021-06-14 04:00:00+00:00
291,-0.35000000000002274,VBK,486,4,294.75,2021-10-25 04:00:00+00:00
292,-1.0649999999999977,VBK,490,2,295.1,2021-10-29 04:00:00+00:00
293,-5.880499999999984,VBK,492,7,296.165,2021-11-02 04:00:00+00:00
294,16.575499999999977,VBK,499,11,302.0455,2021-11-11 05:00:00+00:00
295,5.11990000000003,VBK,510,3,285.47,2021-11-29 05:00:00+00:00
296,2.3600999999999885,VBK,513,3,280.3501,2021-12-02 05:00:00+00:00
297,-0.07999999999998408,VBK,516,4,277.99,2021-12-07 05:00:00+00:00
298,1.7849999999999682,VBK,520,3,278.07,2021-12-13 05:00:00+00:00
299,8.375,VBK,523,3,276.285,2021-12-16 05:00:00+00:00
300,-9.189999999999998,VBK,526,2,267.91,2021-12-21 05:00:00+00:00
301,-2.089999999999975,VBK,528,8,277.1,2021-12-23 05:00:00+00:00
302,37.0,VBK,536,14,279.19,2022-01-05 05:00:00+00:00
303,9.189999999999998,VBK,550,3,242.19,2022-01-26 05:00:00+00:00
304,-13.090000000000003,VBK,553,2,233.0,2022-01-31 05:00:00+00:00
305,6.319999999999993,VBK,555,3,246.09,2022-02-02 05:00:00+00:00
306,-6.840000000000003,VBK,558,2,239.77,2022-02-07 05:00:00+00:00
307,3.6100000000000136,VBK,560,4,246.61,2022-02-09 05:00:00+00:00
308,-3.7339000000000055,VBK,564,11,243.0,2022-02-15 05:00:00+00:00
309,6.913900000000012,VBK,575,11,246.7339,2022-03-03 05:00:00+00:00
310,-8.847200000000015,VBK,586,2,239.82,2022-03-18 04:00:00+00:00
311,3.9472000000000094,VBK,588,3,248.6672,2022-03-22 04:00:00+00:00
312,-3.6699999999999875,VBK,591,2,244.72,2022-03-25 04:00:00+00:00
313,-1.670000000000016,VBK,593,3,248.39,2022-03-29 04:00:00+00:00
314,-3.2299999999999898,VBK,596,2,250.06,2022-04-01 04:00:00+00:00
315,15.70999999999998,VBK,598,6,253.29,2022-04-05 04:00:00+00:00
316,7.960000000000008,VBK,604,14,237.58,2022-04-13 04:00:00+00:00
317,13.399900000000002,VBK,618,3,229.62,2022-05-04 04:00:00+00:00
318,6.490100000000012,VBK,621,6,216.2201,2022-05-09 04:00:00+00:00
319,7.219999999999999,VBK,627,3,209.73,2022-05-17 04:00:00+00:00
320,-6.423300000000012,VBK,630,4,202.51,2022-05-20 04:00:00+00:00
321,-5.5867000000000075,VBK,634,10,208.9333,2022-05-26 04:00:00+00:00
322,14.154300000000006,VBK,644,9,214.52,2022-06-10 04:00:00+00:00
323,-1.064300000000003,VBK,653,7,200.3657,2022-06-24 04:00:00+00:00
324,-3.5999999999999943,VBK,660,2,201.43,2022-07-06 04:00:00+00:00
325,2.789999999999992,VBK,662,3,205.03,2022-07-08 04:00:00+00:00
326,-0.5999999999999943,VBK,665,3,202.24,2022-07-13 04:00:00+00:00
327,-10.789999999999992,VBK,668,3,202.84,2022-07-18 04:00:00+00:00
328,-1.710000000000008,VBK,671,12,213.63,2022-07-21 04:00:00+00:00
329,-16.669999999999987,VBK,683,8,215.34,2022-08-08 04:00:00+00:00
330,30.609999999999985,VBK,691,42,232.01,2022-08-18 04:00:00+00:00
331,6.710000000000008,VBK,733,3,201.4,2022-10-18 04:00:00+00:00
332,-29.370000000000005,VBK,736,69,194.69,2022-10-21 04:00:00+00:00
333,-1.9699999999999989,VBK,805,5,224.06,2023-02-01 05:00:00+00:00
334,5.161000000000001,VBK,810,15,226.03,2023-02-08 05:00:00+00:00
335,1.5089999999999861,VBK,825,5,220.869,2023-03-02 05:00:00+00:00
336,-10.639999999999986,VBK,830,78,219.36,2023-03-09 05:00:00+00:00
337,-5.400000000000006,VBK,908,16,230.0,2023-06-30 04:00:00+00:00
338,-3.2399999999999807,VBK,924,4,235.4,2023-07-25 04:00:00+00:00
339,6.134999999999991,VBK,928,3,238.64,2023-07-31 04:00:00+00:00
340,9.465000000000003,VBK,931,14,232.505,2023-08-03 04:00:00+00:00
341,2.663899999999984,VBK,945,3,223.04,2023-08-23 04:00:00+00:00
342,6.7660999999999945,VBK,948,21,220.3761,2023-08-28 04:00:00+00:00
343,2.6799000000000035,VBK,969,5,213.61,2023-09-27 04:00:00+00:00
344,-1.7198999999999955,VBK,974,4,210.9301,2023-10-04 04:00:00+00:00
345,3.569999999999993,VBK,978,4,212.65,2023-10-10 04:00:00+00:00
346,-3.6299999999999955,VBK,982,2,209.08,2023-10-16 04:00:00+00:00
347,3.5700000000000216,VBK,984,13,212.71,2023-10-18 04:00:00+00:00
348,1.1699999999999875,VBK,997,6,209.14,2023-11-06 05:00:00+00:00
349,0.0,LX,0,43,0.0,2019-11-19 05:00:00+00:00
350,1.9399999999999995,LX,43,3,15.77,2020-01-23 05:00:00+00:00
351,0.20500000000000007,LX,46,11,13.83,2020-01-28 05:00:00+00:00
352,0.3550000000000004,LX,57,4,13.625,2020-02-12 05:00:00+00:00
353,4.35,LX,61,19,13.27,2020-02-19 05:00:00+00:00
354,0.6699999999999999,LX,80,3,8.92,2020-03-17 04:00:00+00:00
355,-0.8800000000000008,LX,83,2,8.25,2020-03-20 04:00:00+00:00
356,0.6300000000000008,LX,85,7,9.13,2020-03-24 04:00:00+00:00
357,-0.3699999999999992,LX,92,3,8.5,2020-04-02 04:00:00+00:00
358,0.40999999999999837,LX,95,9,8.87,2020-04-07 04:00:00+00:00
359,0.10000000000000142,LX,104,5,8.46,2020-04-21 04:00:00+00:00
360,0.5699999999999994,LX,109,4,8.36,2020-04-28 04:00:00+00:00
361,-0.8999999999999995,LX,113,5,7.79,2020-05-04 04:00:00+00:00
362,0.8399999999999999,LX,118,10,8.69,2020-05-11 04:00:00+00:00
363,-4.665000000000001,LX,128,31,7.85,2020-05-26 04:00:00+00:00
364,0.47000000000000064,LX,159,4,12.515,2020-07-09 04:00:00+00:00
365,3.244999999999999,LX,163,15,12.045,2020-07-15 04:00:00+00:00
366,0.41000000000000014,LX,178,9,8.8,2020-08-05 04:00:00+00:00
367,-0.5899999999999999,LX,187,3,8.39,2020-08-18 04:00:00+00:00
368,1.0700000000000003,LX,190,6,8.98,2020-08-21 04:00:00+00:00
369,0.41999999999999993,LX,196,9,7.91,2020-08-31 04:00:00+00:00
370,0.9100000000000001,LX,205,8,7.49,2020-09-14 04:00:00+00:00
371,-0.009999999999999787,LX,213,4,6.58,2020-09-24 04:00:00+00:00
372,-0.08079999999999998,LX,217,11,6.59,2020-09-30 04:00:00+00:00
373,-1.2992,LX,228,74,6.6708,2020-10-15 04:00:00+00:00
374,-4.03,LX,302,15,7.97,2021-02-02 05:00:00+00:00
375,0.5399999999999991,LX,317,11,12.0,2021-02-24 05:00:00+00:00
376,0.4400000000000013,LX,328,10,11.46,2021-03-11 05:00:00+00:00
377,1.9474,LX,338,19,11.02,2021-03-25 04:00:00+00:00
378,-0.4573999999999998,LX,357,3,9.0726,2021-04-22 04:00:00+00:00
379,-0.16999999999999993,LX,360,24,9.53,2021-04-27 04:00:00+00:00
380,-2.360000000000001,LX,384,15,9.7,2021-06-01 04:00:00+00:00
381,-0.6399999999999988,LX,399,2,12.06,2021-06-22 04:00:00+00:00
382,-0.25,LX,401,4,12.7,2021-06-24 04:00:00+00:00
383,3.25,LX,405,8,12.95,2021-06-30 04:00:00+00:00
384,1.9499999999999993,LX,413,14,9.7,2021-07-13 04:00:00+00:00
385,0.3099999999999996,LX,427,16,7.75,2021-08-02 04:00:00+00:00
386,0.79,LX,443,3,7.44,2021-08-24 04:00:00+00:00
387,-0.5949999999999998,LX,446,6,6.65,2021-08-27 04:00:00+00:00
388,0.375,LX,452,3,7.245,2021-09-07 04:00:00+00:00
389,0.8200000000000003,LX,455,8,6.87,2021-09-10 04:00:00+00:00
390,0.33000000000000007,LX,463,5,6.05,2021-09-22 04:00:00+00:00
391,0.16999999999999993,LX,468,6,5.72,2021-09-29 04:00:00+00:00
392,0.03000000000000025,LX,474,6,5.55,2021-10-07 04:00:00+00:00
393,-0.3250000000000002,LX,480,2,5.52,2021-10-15 04:00:00+00:00
394,0.1299999999999999,LX,482,6,5.845,2021-10-19 04:00:00+00:00
395,1.0649999999999995,LX,488,30,5.715,2021-10-27 04:00:00+00:00
396,0.5500000000000007,LX,518,3,4.65,2021-12-09 05:00:00+00:00
397,0.34999999999999964,LX,521,11,4.1,2021-12-14 05:00:00+00:00
398,0.33000000000000007,LX,532,12,3.75,2021-12-30 05:00:00+00:00
399,-0.03500000000000014,LX,544,9,3.42,2022-01-18 05:00:00+00:00
400,0.07500000000000018,LX,553,3,3.455,2022-01-31 05:00:00+00:00
401,0.7999999999999998,LX,556,49,3.38,2022-02-03 05:00:00+00:00
402,-0.009999999999999787,LX,605,3,2.58,2022-04-14 04:00:00+00:00
403,0.6799999999999999,LX,608,32,2.59,2022-04-20 04:00:00+00:00
404,-0.015000000000000124,LX,640,7,1.91,2022-06-06 04:00:00+00:00
405,-0.07499999999999996,LX,647,2,1.925,2022-06-15 04:00:00+00:00
406,-0.18999999999999995,LX,649,8,2.0,2022-06-17 04:00:00+00:00
407,-0.08999999999999986,LX,657,2,2.19,2022-06-30 04:00:00+00:00
408,0.1299999999999999,LX,659,5,2.28,2022-07-05 04:00:00+00:00
409,0.0,LX,664,33,2.15,2022-07-12 04:00:00+00:00
410,0.10000000000000009,LX,697,3,2.15,2022-08-26 04:00:00+00:00
411,0.5299999999999998,LX,700,40,2.05,2022-08-31 04:00:00+00:00
412,0.17999999999999994,LX,740,5,1.52,2022-10-27 04:00:00+00:00
413,-0.11999999999999988,LX,745,2,1.34,2022-11-03 04:00:00+00:00
414,0.1399999999999999,LX,747,3,1.46,2022-11-07 05:00:00+00:00
415,-0.15999999999999992,LX,750,2,1.32,2022-11-10 05:00:00+00:00
416,-0.09000000000000008,LX,752,7,1.48,2022-11-14 05:00:00+00:00
417,-0.24,LX,759,7,1.57,2022-11-23 05:00:00+00:00
418,0.010000000000000009,LX,766,9,1.81,2022-12-05 05:00:00+00:00
419,-0.19999999999999996,LX,775,4,1.8,2022-12-16 05:00:00+00:00
420,0.06919999999999993,LX,779,4,2.0,2022-12-22 05:00:00+00:00
421,-0.12919999999999998,LX,783,3,1.9308,2022-12-29 05:00:00+00:00
422,-1.2199999999999998,LX,786,18,2.06,2023-01-04 05:00:00+00:00
423,-0.3900000000000001,LX,804,2,3.28,2023-01-31 05:00:00+00:00
424,0.4790000000000001,LX,806,5,3.67,2023-02-02 05:00:00+00:00
425,0.17099999999999982,LX,811,15,3.191,2023-02-09 05:00:00+00:00
426,0.2400000000000002,LX,826,3,3.02,2023-03-03 05:00:00+00:00
427,0.3999999999999999,LX,829,11,2.78,2023-03-08 05:00:00+00:00
428,0.10999999999999988,LX,840,3,2.38,2023-03-23 04:00:00+00:00
429,-0.20000000000000018,LX,843,2,2.27,2023-03-28 04:00:00+00:00
430,-0.10999999999999988,LX,845,10,2.47,2023-03-30 04:00:00+00:00
431,0.38500000000000023,LX,855,94,2.58,2023-04-14 04:00:00+00:00
432,-0.2650000000000001,LX,949,8,2.195,2023-08-29 04:00:00+00:00
433,0.27,LX,957,14,2.46,2023-09-11 04:00:00+00:00
434,0.1200000000000001,LX,971,3,2.19,2023-09-29 04:00:00+00:00
435,0.0,BRBR,0,55,0.0,2019-11-19 05:00:00+00:00
436,-3.5199999999999996,BRBR,55,2,20.09,2020-02-10 05:00:00+00:00
437,1.7899999999999991,BRBR,57,5,23.61,2020-02-12 05:00:00+00:00
438,1.4499999999999993,BRBR,62,9,21.82,2020-02-20 05:00:00+00:00
439,0.9700000000000024,BRBR,71,3,20.37,2020-03-04 05:00:00+00:00
440,1.259999999999998,BRBR,74,6,19.4,2020-03-09 04:00:00+00:00
441,3.66,BRBR,80,4,18.14,2020-03-17 04:00:00+00:00
442,-1.1099999999999994,BRBR,84,3,14.48,2020-03-23 04:00:00+00:00
443,-0.8300000000000018,BRBR,87,9,15.59,2020-03-26 04:00:00+00:00
444,-5.139999999999997,BRBR,96,41,16.42,2020-04-08 04:00:00+00:00
445,1.1499999999999986,BRBR,137,3,21.56,2020-06-08 04:00:00+00:00
446,1.2349999999999994,BRBR,140,75,20.41,2020-06-11 04:00:00+00:00
447,-1.5649999999999977,BRBR,215,3,19.175,2020-09-28 04:00:00+00:00
448,1.4799999999999969,BRBR,218,2,20.74,2020-10-01 04:00:00+00:00
449,-1.4599999999999973,BRBR,220,16,19.26,2020-10-05 04:00:00+00:00
450,0.9499999999999993,BRBR,236,7,20.72,2020-10-27 04:00:00+00:00
451,0.16999999999999815,BRBR,243,3,19.77,2020-11-05 05:00:00+00:00
452,-1.6099999999999994,BRBR,246,4,19.6,2020-11-10 05:00:00+00:00
453,0.5899999999999999,BRBR,250,4,21.21,2020-11-16 05:00:00+00:00
454,-3.59,BRBR,254,15,20.62,2020-11-20 05:00:00+00:00
455,0.26000000000000156,BRBR,269,6,24.21,2020-12-14 05:00:00+00:00
456,-0.9100000000000001,BRBR,275,2,23.95,2020-12-22 05:00:00+00:00
457,1.4699999999999989,BRBR,277,3,24.86,2020-12-24 05:00:00+00:00
458,-1.4100000000000001,BRBR,280,4,23.39,2020-12-30 05:00:00+00:00
459,0.3000000000000007,BRBR,284,5,24.8,2021-01-06 05:00:00+00:00
460,-0.4499999999999993,BRBR,289,5,24.5,2021-01-13 05:00:00+00:00
461,0.48999999999999844,BRBR,294,3,24.95,2021-01-21 05:00:00+00:00
462,-0.6405999999999992,BRBR,297,11,24.46,2021-01-26 05:00:00+00:00
463,0.6905999999999999,BRBR,308,5,25.1006,2021-02-10 05:00:00+00:00
464,0.7699999999999996,BRBR,313,12,24.41,2021-02-18 05:00:00+00:00
465,-1.8299999999999983,BRBR,325,9,23.64,2021-03-08 05:00:00+00:00
466,0.5599999999999987,BRBR,334,11,25.47,2021-03-19 04:00:00+00:00
467,0.6799999999999997,BRBR,345,5,24.91,2021-04-06 04:00:00+00:00
468,-2.1149999999999984,BRBR,350,20,24.23,2021-04-13 04:00:00+00:00
469,-0.33500000000000085,BRBR,370,7,26.345,2021-05-11 04:00:00+00:00
470,-1.240000000000002,BRBR,377,2,26.68,2021-05-20 04:00:00+00:00
471,-0.4099999999999966,BRBR,379,9,27.92,2021-05-24 04:00:00+00:00
472,-0.6700000000000017,BRBR,388,5,28.33,2021-06-07 04:00:00+00:00
473,-2.1000000000000014,BRBR,393,14,29.0,2021-06-14 04:00:00+00:00
474,-1.5009999999999977,BRBR,407,2,31.1,2021-07-02 04:00:00+00:00
475,1.311,BRBR,409,5,32.601,2021-07-07 04:00:00+00:00
476,-0.9299999999999997,BRBR,414,7,31.29,2021-07-14 04:00:00+00:00
477,0.5198999999999998,BRBR,421,11,32.22,2021-07-23 04:00:00+00:00
478,-0.09990000000000165,BRBR,432,4,31.7001,2021-08-09 04:00:00+00:00
479,0.6950000000000003,BRBR,436,4,31.8,2021-08-13 04:00:00+00:00
480,-1.6050000000000004,BRBR,440,2,31.105,2021-08-19 04:00:00+00:00
481,0.3299000000000021,BRBR,442,4,32.71,2021-08-23 04:00:00+00:00
482,-0.8999000000000024,BRBR,446,2,32.3801,2021-08-27 04:00:00+00:00
483,-0.10999999999999943,BRBR,448,7,33.28,2021-08-31 04:00:00+00:00
484,8.129999999999999,BRBR,455,28,33.39,2021-09-10 04:00:00+00:00
485,-1.139999999999997,BRBR,483,21,25.26,2021-10-20 04:00:00+00:00
486,3.479999999999997,BRBR,504,12,26.4,2021-11-18 05:00:00+00:00
487,-4.18,BRBR,516,22,22.92,2021-12-07 05:00:00+00:00
488,1.110000000000003,BRBR,538,10,27.1,2022-01-07 05:00:00+00:00
489,2.0599999999999987,BRBR,548,4,25.99,2022-01-24 05:00:00+00:00
490,-1.3099999999999987,BRBR,552,7,23.93,2022-01-28 05:00:00+00:00
491,0.09999999999999787,BRBR,559,5,25.24,2022-02-08 05:00:00+00:00
492,1.9100000000000001,BRBR,564,28,25.14,2022-02-15 05:00:00+00:00
493,-1.0500000000000007,BRBR,592,5,23.23,2022-03-28 04:00:00+00:00
494,-1.4800000000000004,BRBR,597,34,24.28,2022-04-04 04:00:00+00:00
495,0.08000000000000185,BRBR,631,6,25.76,2022-05-23 04:00:00+00:00
496,4.059999999999999,BRBR,637,91,25.68,2022-06-01 04:00:00+00:00
497,-0.08999999999999986,BRBR,728,7,21.62,2022-10-11 04:00:00+00:00
498,-1.5850000000000009,BRBR,735,3,21.71,2022-10-20 04:00:00+00:00
499,-0.884999999999998,BRBR,738,7,23.295,2022-10-25 04:00:00+00:00
500,-0.6099999999999994,BRBR,745,2,24.18,2022-11-03 04:00:00+00:00
501,0.05999999999999872,BRBR,747,7,24.79,2022-11-07 05:00:00+00:00
502,0.41000000000000014,BRBR,754,8,24.73,2022-11-16 05:00:00+00:00
503,-0.25,BRBR,762,10,24.32,2022-11-29 05:00:00+00:00
504,-2.9400000000000013,BRBR,772,28,24.57,2022-12-13 05:00:00+00:00
505,-3.379999999999999,BRBR,800,22,27.51,2023-01-25 05:00:00+00:00
506,-0.6799999999999997,BRBR,822,3,30.89,2023-02-27 05:00:00+00:00
507,1.0399999999999991,BRBR,825,5,31.57,2023-03-02 05:00:00+00:00
508,-0.4399999999999977,BRBR,830,10,30.53,2023-03-09 05:00:00+00:00
509,-2.960000000000001,BRBR,840,13,30.97,2023-03-23 04:00:00+00:00
510,-0.8100000000000023,BRBR,853,4,33.93,2023-04-12 04:00:00+00:00
511,-1.2800000000000011,BRBR,857,11,34.74,2023-04-18 04:00:00+00:00
512,-0.8499999999999943,BRBR,868,2,36.02,2023-05-03 04:00:00+00:00
513,0.6899999999999977,BRBR,870,3,36.87,2023-05-05 04:00:00+00:00
514,-0.6400000000000006,BRBR,873,12,36.18,2023-05-10 04:00:00+00:00
515,0.46000000000000085,BRBR,885,7,36.82,2023-05-26 04:00:00+00:00
516,0.3299999999999983,BRBR,892,4,36.36,2023-06-07 04:00:00+00:00
517,0.14999999999999858,BRBR,896,4,36.03,2023-06-13 04:00:00+00:00
518,-1.0293999999999954,BRBR,900,2,35.88,2023-06-20 04:00:00+00:00
519,1.1494,BRBR,902,3,36.9094,2023-06-22 04:00:00+00:00
520,-0.7700000000000031,BRBR,905,2,35.76,2023-06-27 04:00:00+00:00
521,-0.28000000000000114,BRBR,907,3,36.53,2023-06-29 04:00:00+00:00
522,-1.8200000000000003,BRBR,910,29,36.81,2023-07-05 04:00:00+00:00
523,-1.8099999999999952,BRBR,939,20,38.63,2023-08-15 04:00:00+00:00
524,-0.7000000000000028,BRBR,959,7,40.44,2023-09-13 04:00:00+00:00
525,1.0,BRBR,966,4,41.14,2023-09-22 04:00:00+00:00
526,-1.2199999999999989,BRBR,970,4,40.14,2023-09-28 04:00:00+00:00
527,-1.6199999999999974,BRBR,974,18,41.36,2023-10-04 04:00:00+00:00
528,-1.5700000000000003,BRBR,992,2,42.98,2023-10-30 04:00:00+00:00
529,0.0,EVGN,0,193,0.0,2019-11-19 05:00:00+00:00
530,-0.5799999999999998,EVGN,193,9,1.57,2020-08-26 04:00:00+00:00
531,-0.4500000000000002,EVGN,202,3,2.15,2020-09-09 04:00:00+00:00
532,-1.2199999999999998,EVGN,205,21,2.6,2020-09-14 04:00:00+00:00
533,0.6799999999999997,EVGN,226,12,3.82,2020-10-13 04:00:00+00:00
534,0.54,EVGN,238,6,3.14,2020-10-29 04:00:00+00:00
535,-0.08000000000000007,EVGN,244,7,2.6,2020-11-06 05:00:00+00:00
536,-0.25,EVGN,251,6,2.68,2020-11-17 05:00:00+00:00
537,-0.4198999999999997,EVGN,257,3,2.93,2020-11-25 05:00:00+00:00
538,-0.3501000000000003,EVGN,260,3,3.3499,2020-12-01 05:00:00+00:00
539,-0.6899999999999995,EVGN,263,2,3.7,2020-12-04 05:00:00+00:00
540,0.5899999999999999,EVGN,265,7,4.39,2020-12-08 05:00:00+00:00
541,-0.41000000000000014,EVGN,272,4,3.8,2020-12-17 05:00:00+00:00
542,-0.5200000000000005,EVGN,276,4,4.21,2020-12-23 05:00:00+00:00
543,-0.71,EVGN,280,9,4.73,2020-12-30 05:00:00+00:00
544,-0.5699999999999994,EVGN,289,12,5.44,2021-01-13 05:00:00+00:00
545,-1.58,EVGN,301,3,6.01,2021-02-01 05:00:00+00:00
546,-1.4900000000000002,EVGN,304,9,7.59,2021-02-04 05:00:00+00:00
547,3.29,EVGN,313,17,9.08,2021-02-18 05:00:00+00:00
548,0.54,EVGN,330,3,5.79,2021-03-15 04:00:00+00:00
549,0.4009999999999998,EVGN,333,17,5.25,2021-03-18 04:00:00+00:00
550,0.5190000000000001,EVGN,350,3,4.849,2021-04-13 04:00:00+00:00
551,-0.1899999999999995,EVGN,353,6,4.33,2021-04-16 04:00:00+00:00
552,0.15999999999999925,EVGN,359,5,4.52,2021-04-26 04:00:00+00:00
553,0.7600000000000002,EVGN,364,10,4.36,2021-05-03 04:00:00+00:00
554,0.1299999999999999,EVGN,374,6,3.6,2021-05-17 04:00:00+00:00
555,-0.2799999999999998,EVGN,380,3,3.47,2021-05-25 04:00:00+00:00
556,0.18999999999999995,EVGN,383,12,3.75,2021-05-28 04:00:00+00:00
557,-0.23999999999999977,EVGN,395,2,3.56,2021-06-16 04:00:00+00:00
558,0.36999999999999966,EVGN,397,3,3.8,2021-06-18 04:00:00+00:00
559,0.3500000000000001,EVGN,400,19,3.43,2021-06-23 04:00:00+00:00
560,0.25,EVGN,419,4,3.08,2021-07-21 04:00:00+00:00
561,-0.16999999999999993,EVGN,423,6,2.83,2021-07-27 04:00:00+00:00
562,0.06999999999999984,EVGN,429,9,3.0,2021-08-04 04:00:00+00:00
563,0.0900000000000003,EVGN,438,6,2.93,2021-08-17 04:00:00+00:00
564,0.19999999999999973,EVGN,444,4,2.84,2021-08-25 04:00:00+00:00
565,-0.69,EVGN,448,2,2.64,2021-08-31 04:00:00+00:00
566,0.3799999999999999,EVGN,450,7,3.33,2021-09-02 04:00:00+00:00
567,1.2000000000000002,EVGN,457,77,2.95,2021-09-14 04:00:00+00:00
568,0.1399999999999999,EVGN,534,4,1.75,2022-01-03 05:00:00+00:00
569,0.2300000000000002,EVGN,538,15,1.61,2022-01-07 05:00:00+00:00
570,0.06999999999999984,EVGN,553,9,1.38,2022-01-31 05:00:00+00:00
571,0.030000000000000027,EVGN,562,10,1.31,2022-02-11 05:00:00+00:00
572,0.15500000000000003,EVGN,572,12,1.28,2022-02-28 05:00:00+00:00
573,-0.19500000000000006,EVGN,584,4,1.125,2022-03-16 04:00:00+00:00
574,0.0,EVGN,588,5,1.32,2022-03-22 04:00:00+00:00
575,0.11540000000000017,EVGN,593,12,1.32,2022-03-29 04:00:00+00:00
576,0.05459999999999998,EVGN,605,5,1.2046,2022-04-14 04:00:00+00:00
577,0.22999999999999987,EVGN,610,19,1.15,2022-04-22 04:00:00+00:00
578,-0.06999999999999995,EVGN,629,3,0.92,2022-05-19 04:00:00+00:00
579,0.040000000000000036,EVGN,632,8,0.99,2022-05-24 04:00:00+00:00
580,0.07499999999999996,EVGN,640,5,0.95,2022-06-06 04:00:00+00:00
581,0.10450000000000004,EVGN,645,17,0.875,2022-06-13 04:00:00+00:00
582,-0.02950000000000008,EVGN,662,3,0.7705,2022-07-08 04:00:00+00:00
583,-0.010000000000000009,EVGN,665,5,0.8,2022-07-13 04:00:00+00:00
584,0.010000000000000009,EVGN,670,6,0.81,2022-07-20 04:00:00+00:00
585,-0.09519999999999995,EVGN,676,2,0.8,2022-07-28 04:00:00+00:00
586,-0.2547999999999999,EVGN,678,23,0.8952,2022-08-01 04:00:00+00:00
587,0.1299999999999999,EVGN,701,8,1.15,2022-09-01 04:00:00+00:00
588,0.050000000000000044,EVGN,709,3,1.02,2022-09-14 04:00:00+00:00
589,0.08509999999999995,EVGN,712,9,0.97,2022-09-19 04:00:00+00:00
590,0.164501,EVGN,721,6,0.8849,2022-09-30 04:00:00+00:00
591,-0.01950099999999999,EVGN,727,4,0.720399,2022-10-10 04:00:00+00:00
592,-0.020199999999999996,EVGN,731,12,0.7399,2022-10-14 04:00:00+00:00
593,-0.00990000000000002,EVGN,743,8,0.7601,2022-11-01 04:00:00+00:00
594,0.08999999999999997,EVGN,751,7,0.77,2022-11-11 05:00:00+00:00
595,-0.13,EVGN,758,46,0.68,2022-11-22 05:00:00+00:00
596,0.027900000000000036,EVGN,804,7,0.81,2023-01-31 05:00:00+00:00
597,-0.06779999999999997,EVGN,811,2,0.7821,2023-02-09 05:00:00+00:00
598,0.01990000000000003,EVGN,813,6,0.8499,2023-02-13 05:00:00+00:00
599,0.029999999999999916,EVGN,819,7,0.83,2023-02-22 05:00:00+00:00
600,0.050000000000000044,EVGN,826,3,0.8,2023-03-03 05:00:00+00:00
601,0.07999999999999996,EVGN,829,7,0.75,2023-03-08 05:00:00+00:00
602,0.030000000000000027,EVGN,836,3,0.67,2023-03-17 04:00:00+00:00
603,-0.16000000000000003,EVGN,839,63,0.64,2023-03-22 04:00:00+00:00
604,-0.27,EVGN,902,6,0.8,2023-06-22 04:00:00+00:00
605,-0.1299999999999999,EVGN,908,6,1.07,2023-06-30 04:00:00+00:00
606,0.09999999999999987,EVGN,914,10,1.2,2023-07-11 04:00:00+00:00
607,0.0,EVGN,924,4,1.1,2023-07-25 04:00:00+00:00
608,0.08000000000000007,EVGN,928,4,1.1,2023-07-31 04:00:00+00:00
609,0.23009999999999997,EVGN,932,13,1.02,2023-08-04 04:00:00+00:00
610,0.08990000000000009,EVGN,945,3,0.7899,2023-08-23 04:00:00+00:00
611,-0.04979,EVGN,948,3,0.7,2023-08-28 04:00:00+00:00
612,0.019789999999999974,EVGN,951,7,0.74979,2023-08-31 04:00:00+00:00
613,-0.030000000000000027,EVGN,958,5,0.73,2023-09-12 04:00:00+00:00
614,0.10999999999999999,EVGN,963,3,0.76,2023-09-19 04:00:00+00:00
615,0.0,COMM,0,285,0.0,2019-11-19 05:00:00+00:00
616,-0.33999999999999986,COMM,285,3,14.26,2021-01-07 05:00:00+00:00
617,0.08999999999999986,COMM,288,4,14.6,2021-01-12 05:00:00+00:00
618,-0.5350000000000001,COMM,292,2,14.51,2021-01-19 05:00:00+00:00
619,0.5700000000000003,COMM,294,4,15.045,2021-01-21 05:00:00+00:00
620,-0.9610000000000003,COMM,298,3,14.475,2021-01-27 05:00:00+00:00
621,0.19599999999999973,COMM,301,5,15.436,2021-02-01 05:00:00+00:00
622,-0.41000000000000014,COMM,306,4,15.24,2021-02-08 05:00:00+00:00
623,0.7800000000000011,COMM,310,3,15.65,2021-02-12 05:00:00+00:00
624,0.10499999999999865,COMM,313,7,14.87,2021-02-18 05:00:00+00:00
625,0.6799999999999997,COMM,320,4,14.765,2021-03-01 05:00:00+00:00
626,-1.3049999999999997,COMM,324,2,14.085,2021-03-05 05:00:00+00:00
627,-0.6799999999999997,COMM,326,8,15.39,2021-03-09 05:00:00+00:00
628,-0.6600000000000001,COMM,334,30,16.07,2021-03-19 04:00:00+00:00
629,-4.004999999999999,COMM,364,25,16.73,2021-05-03 04:00:00+00:00
630,1.504999999999999,COMM,389,2,20.735,2021-06-08 04:00:00+00:00
631,-1.4800000000000004,COMM,391,6,19.23,2021-06-10 04:00:00+00:00
632,-0.08500000000000085,COMM,397,5,20.71,2021-06-18 04:00:00+00:00
633,-0.384999999999998,COMM,402,7,20.795,2021-06-25 04:00:00+00:00
634,-0.7800000000000011,COMM,409,5,21.18,2021-07-07 04:00:00+00:00
635,1.3000000000000007,COMM,414,3,21.96,2021-07-14 04:00:00+00:00
636,0.0,COMM,417,8,20.66,2021-07-19 04:00:00+00:00
637,5.16,COMM,425,28,20.66,2021-07-29 04:00:00+00:00
638,0.6999999999999993,COMM,453,6,15.5,2021-09-08 04:00:00+00:00
639,1.25,COMM,459,6,14.8,2021-09-16 04:00:00+00:00
640,1.6400000000000006,COMM,465,14,13.55,2021-09-24 04:00:00+00:00
641,0.2900000000000009,COMM,479,8,11.91,2021-10-14 04:00:00+00:00
642,0.5199999999999996,COMM,487,4,11.62,2021-10-26 04:00:00+00:00
643,0.5099999999999998,COMM,491,4,11.1,2021-11-01 04:00:00+00:00
644,0.39000000000000057,COMM,495,12,10.59,2021-11-05 04:00:00+00:00
645,0.004999999999999005,COMM,507,5,10.2,2021-11-23 05:00:00+00:00
646,-0.254999999999999,COMM,512,3,10.195,2021-12-01 05:00:00+00:00
647,-0.4900000000000002,COMM,515,6,10.45,2021-12-06 05:00:00+00:00
648,0.16000000000000014,COMM,521,5,10.94,2021-12-14 05:00:00+00:00
649,0.16979999999999862,COMM,526,13,10.78,2021-12-21 05:00:00+00:00
650,1.0902000000000012,COMM,539,15,10.6102,2022-01-10 05:00:00+00:00
651,0.7799999999999994,COMM,554,4,9.52,2022-02-01 05:00:00+00:00
652,-0.5649999999999995,COMM,558,2,8.74,2022-02-07 05:00:00+00:00
653,0.7300000000000004,COMM,560,4,9.305,2022-02-09 05:00:00+00:00
654,-1.2550000000000008,COMM,564,2,8.575,2022-02-15 05:00:00+00:00
655,0.46000000000000085,COMM,566,8,9.83,2022-02-17 05:00:00+00:00
656,1.2799999999999994,COMM,574,10,9.37,2022-03-02 05:00:00+00:00
657,-0.1899999999999995,COMM,584,10,8.09,2022-03-16 04:00:00+00:00
658,1.8299999999999992,COMM,594,24,8.28,2022-03-30 04:00:00+00:00
659,-0.1200000000000001,COMM,618,7,6.45,2022-05-04 04:00:00+00:00
660,-0.8899999999999997,COMM,625,2,6.57,2022-05-13 04:00:00+00:00
661,1.04,COMM,627,6,7.46,2022-05-17 04:00:00+00:00
662,-0.7279999999999998,COMM,633,2,6.42,2022-05-25 04:00:00+00:00
663,-1.2170000000000005,COMM,635,7,7.148,2022-05-27 04:00:00+00:00
664,1.2250000000000005,COMM,642,11,8.365,2022-06-08 04:00:00+00:00
665,1.0099999999999998,COMM,653,8,7.14,2022-06-24 04:00:00+00:00
666,-0.6000000000000005,COMM,661,15,6.13,2022-07-07 04:00:00+00:00
667,-3.6500000000000004,COMM,676,18,6.73,2022-07-28 04:00:00+00:00
668,-0.16999999999999993,COMM,694,2,10.38,2022-08-23 04:00:00+00:00
669,0.3874000000000013,COMM,696,3,10.55,2022-08-25 04:00:00+00:00
670,-0.6974,COMM,699,2,10.1626,2022-08-30 04:00:00+00:00
671,-0.7300000000000004,COMM,701,10,10.86,2022-09-01 04:00:00+00:00
672,1.8149999999999995,COMM,711,12,11.59,2022-09-16 04:00:00+00:00
673,-3.1850000000000005,COMM,723,21,9.775,2022-10-04 04:00:00+00:00
674,4.74,COMM,744,28,12.96,2022-11-02 04:00:00+00:00
675,0.5600000000000005,COMM,772,4,8.22,2022-12-13 05:00:00+00:00
676,0.2599999999999998,COMM,776,8,7.66,2022-12-19 05:00:00+00:00
677,-0.01499999999999968,COMM,784,8,7.4,2022-12-30 05:00:00+00:00
678,-0.4900000000000002,COMM,792,2,7.415,2023-01-12 05:00:00+00:00
679,-0.47999999999999954,COMM,794,6,7.905,2023-01-17 05:00:00+00:00
680,-0.054999999999999716,COMM,800,11,8.385,2023-01-25 05:00:00+00:00
681,-0.21000000000000085,COMM,811,3,8.44,2023-02-09 05:00:00+00:00
682,4.010000000000001,COMM,814,49,8.65,2023-02-14 05:00:00+00:00
683,-0.0600000000000005,COMM,863,7,4.64,2023-04-26 04:00:00+00:00
684,0.28500000000000014,COMM,870,15,4.7,2023-05-05 04:00:00+00:00
685,0.43000000000000016,COMM,885,4,4.415,2023-05-26 04:00:00+00:00
686,-0.645,COMM,889,3,3.985,2023-06-02 04:00:00+00:00
687,-0.040000000000000036,COMM,892,12,4.63,2023-06-07 04:00:00+00:00
688,-0.28000000000000025,COMM,904,2,4.67,2023-06-26 04:00:00+00:00
689,0.40000000000000036,COMM,906,21,4.95,2023-06-28 04:00:00+00:00
690,1.02,COMM,927,9,4.55,2023-07-28 04:00:00+00:00
691,-0.050000000000000266,COMM,936,7,3.53,2023-08-10 04:00:00+00:00
692,0.14000000000000012,COMM,943,7,3.58,2023-08-21 04:00:00+00:00
693,-0.0950000000000002,COMM,950,12,3.44,2023-08-30 04:00:00+00:00
694,0.125,COMM,962,10,3.535,2023-09-18 04:00:00+00:00
695,0.375,COMM,972,3,3.41,2023-10-02 04:00:00+00:00
696,0.645,COMM,975,13,3.035,2023-10-05 04:00:00+00:00
697,0.0,BRTX,0,104,0.0,2021-11-05 04:00:00+00:00
698,1.4699999999999998,BRTX,104,18,5.8,2022-04-06 04:00:00+00:00
699,0.395,BRTX,122,5,4.33,2022-05-03 04:00:00+00:00
700,-0.03500000000000014,BRTX,127,3,3.935,2022-05-10 04:00:00+00:00
701,0.2200000000000002,BRTX,130,3,3.97,2022-05-13 04:00:00+00:00
702,-0.1953999999999998,BRTX,133,8,3.75,2022-05-18 04:00:00+00:00
703,-0.054600000000000204,BRTX,141,10,3.9454,2022-05-31 04:00:00+00:00
704,0.42010000000000014,BRTX,151,14,4.0,2022-06-14 04:00:00+00:00
705,0.5099,BRTX,165,4,3.5799,2022-07-06 04:00:00+00:00
706,0.009999999999999787,BRTX,169,3,3.07,2022-07-12 04:00:00+00:00
707,0.1299999999999999,BRTX,172,4,3.06,2022-07-15 04:00:00+00:00
708,-0.18999999999999995,BRTX,176,2,2.93,2022-07-21 04:00:00+00:00
709,0.11260000000000003,BRTX,178,7,3.12,2022-07-25 04:00:00+00:00
710,-0.23260000000000014,BRTX,185,2,3.0074,2022-08-03 04:00:00+00:00
711,0.25980000000000025,BRTX,187,4,3.24,2022-08-05 04:00:00+00:00
712,-0.23340000000000005,BRTX,191,3,2.9802,2022-08-11 04:00:00+00:00
713,0.3136000000000001,BRTX,194,3,3.2136,2022-08-16 04:00:00+00:00
714,-0.3399000000000001,BRTX,197,3,2.9,2022-08-19 04:00:00+00:00
715,0.08979999999999988,BRTX,200,7,3.2399,2022-08-24 04:00:00+00:00
716,-0.09039999999999981,BRTX,207,3,3.1501,2022-09-02 04:00:00+00:00
717,0.07330000000000014,BRTX,210,4,3.2405,2022-09-08 04:00:00+00:00
718,-0.07520000000000016,BRTX,214,10,3.1672,2022-09-14 04:00:00+00:00
719,0.0023999999999997357,BRTX,224,12,3.2424,2022-09-28 04:00:00+00:00
720,0.40740000000000043,BRTX,236,56,3.24,2022-10-14 04:00:00+00:00
721,-0.3474000000000004,BRTX,292,5,2.8326,2023-01-05 05:00:00+00:00
722,0.040000000000000036,BRTX,297,46,3.18,2023-01-12 05:00:00+00:00
723,-0.44999999999999973,BRTX,343,19,3.14,2023-03-21 04:00:00+00:00
724,-0.15000000000000036,BRTX,362,2,3.59,2023-04-18 04:00:00+00:00
725,-0.05999999999999961,BRTX,364,7,3.74,2023-04-20 04:00:00+00:00
726,-0.4076000000000004,BRTX,371,4,3.8,2023-05-01 04:00:00+00:00
727,-1.0985999999999994,BRTX,375,18,4.2076,2023-05-05 04:00:00+00:00
728,-0.17380000000000084,BRTX,393,9,5.3062,2023-06-01 04:00:00+00:00
729,0.11000000000000032,BRTX,402,6,5.48,2023-06-14 04:00:00+00:00
730,-0.8799999999999999,BRTX,408,2,5.37,2023-06-23 04:00:00+00:00
731,2.12,BRTX,410,6,6.25,2023-06-27 04:00:00+00:00
732,1.31,BRTX,416,27,4.13,2023-07-06 04:00:00+00:00
733,0.31989999999999963,BRTX,443,3,2.82,2023-08-14 04:00:00+00:00
734,0.5201000000000002,BRTX,446,21,2.5001,2023-08-17 04:00:00+00:00
735,0.47,BRTX,467,4,1.98,2023-09-18 04:00:00+00:00
736,-0.040000000000000036,BRTX,471,4,1.51,2023-09-22 04:00:00+00:00
737,-0.5900000000000001,BRTX,475,15,1.55,2023-09-28 04:00:00+00:00
738,0.0,PXI,0,325,0.0,2019-11-19 05:00:00+00:00
739,-0.6198999999999977,PXI,325,3,27.51,2021-03-08 05:00:00+00:00
740,1.5497999999999976,PXI,328,6,28.1299,2021-03-11 05:00:00+00:00
741,1.5701,PXI,334,5,26.5801,2021-03-19 04:00:00+00:00
742,0.3100000000000023,PXI,339,9,25.01,2021-03-26 04:00:00+00:00
743,1.379999999999999,PXI,348,10,24.7,2021-04-09 04:00:00+00:00
744,-0.8900000000000006,PXI,358,3,23.32,2021-04-23 04:00:00+00:00
745,-3.349999999999998,PXI,361,24,24.21,2021-04-28 04:00:00+00:00
746,-2.5100000000000016,PXI,385,12,27.56,2021-06-02 04:00:00+00:00
747,-1.2474999999999987,PXI,397,3,30.07,2021-06-18 04:00:00+00:00
748,0.5474999999999994,PXI,400,4,31.3175,2021-06-23 04:00:00+00:00
749,4.629999999999999,PXI,404,23,30.77,2021-06-29 04:00:00+00:00
750,1.2300000000000004,PXI,427,3,26.14,2021-08-02 04:00:00+00:00
751,-0.14000000000000057,PXI,430,3,24.91,2021-08-05 04:00:00+00:00
752,-0.7799999999999976,PXI,433,22,25.05,2021-08-10 04:00:00+00:00
753,-0.9500000000000028,PXI,455,2,25.83,2021-09-10 04:00:00+00:00
754,0.4400000000000013,PXI,457,5,26.78,2021-09-14 04:00:00+00:00
755,-1.9319999999999986,PXI,462,2,26.34,2021-09-21 04:00:00+00:00
756,-2.088000000000001,PXI,464,6,28.272,2021-09-23 04:00:00+00:00
757,-1.370000000000001,PXI,470,2,30.36,2021-10-01 04:00:00+00:00
758,-1.620000000000001,PXI,472,11,31.73,2021-10-05 04:00:00+00:00
759,-0.6580000000000013,PXI,483,3,33.35,2021-10-20 04:00:00+00:00
760,0.7780000000000058,PXI,486,5,34.008,2021-10-25 04:00:00+00:00
761,-1.3100000000000023,PXI,491,4,33.23,2021-11-01 04:00:00+00:00
762,1.4200000000000017,PXI,495,4,34.54,2021-11-05 04:00:00+00:00
763,2.2399999999999984,PXI,499,16,33.12,2021-11-11 05:00:00+00:00
764,-0.21499999999999986,PXI,515,6,30.88,2021-12-06 05:00:00+00:00
765,0.26500000000000057,PXI,521,8,31.095,2021-12-14 05:00:00+00:00
766,-0.9400000000000013,PXI,529,6,30.83,2021-12-27 05:00:00+00:00
767,-1.4300000000000033,PXI,535,2,31.77,2022-01-04 05:00:00+00:00
768,-0.9856999999999942,PXI,537,9,33.2,2022-01-06 05:00:00+00:00
769,-2.1637000000000057,PXI,546,12,34.1857,2022-01-20 05:00:00+00:00
770,0.6094000000000008,PXI,558,3,36.3494,2022-02-07 05:00:00+00:00
771,-6.299999999999997,PXI,561,29,35.74,2022-02-10 05:00:00+00:00
772,-0.6400000000000006,PXI,590,9,42.04,2022-03-24 04:00:00+00:00
773,-1.7757000000000005,PXI,599,4,42.68,2022-04-06 04:00:00+00:00
774,-0.5343000000000018,PXI,603,7,44.4557,2022-04-12 04:00:00+00:00
775,2.7280000000000015,PXI,610,4,44.99,2022-04-22 04:00:00+00:00
776,1.4519999999999982,PXI,614,3,42.262,2022-04-28 04:00:00+00:00
777,-4.859499999999997,PXI,617,2,40.81,2022-05-03 04:00:00+00:00
778,2.4495000000000005,PXI,619,3,45.6695,2022-05-05 04:00:00+00:00
779,2.6424999999999983,PXI,622,33,43.22,2022-05-10 04:00:00+00:00
780,1.0675000000000026,PXI,655,16,40.5775,2022-06-28 04:00:00+00:00
781,-0.5200000000000031,PXI,671,2,39.51,2022-07-21 04:00:00+00:00
782,-2.3962999999999965,PXI,673,7,40.03,2022-07-25 04:00:00+00:00
783,-0.008700000000004593,PXI,680,6,42.4263,2022-08-03 04:00:00+00:00
784,-0.015000000000000568,PXI,686,3,42.435,2022-08-11 04:00:00+00:00
785,-3.8116999999999948,PXI,689,51,42.45,2022-08-16 04:00:00+00:00
786,-0.3083000000000027,PXI,740,10,46.2617,2022-10-27 04:00:00+00:00
787,-2.4299999999999997,PXI,750,10,46.57,2022-11-10 05:00:00+00:00
788,1.1700000000000017,PXI,760,3,49.0,2022-11-25 05:00:00+00:00
789,4.559999999999995,PXI,763,26,47.83,2022-11-30 05:00:00+00:00
790,-0.269999999999996,PXI,789,8,43.27,2023-01-09 05:00:00+00:00
791,-2.1600000000000037,PXI,797,4,43.54,2023-01-20 05:00:00+00:00
792,1.2800000000000011,PXI,801,5,45.7,2023-01-26 05:00:00+00:00
793,7.156100000000002,PXI,806,31,44.42,2023-02-02 05:00:00+00:00
794,-3.6961000000000013,PXI,837,19,37.2639,2023-03-20 04:00:00+00:00
795,-2.5799999999999983,PXI,856,77,40.96,2023-04-17 04:00:00+00:00
796,-1.2199999999999989,PXI,933,6,43.54,2023-08-07 04:00:00+00:00
797,-0.3100000000000023,PXI,939,11,44.76,2023-08-15 04:00:00+00:00
798,-1.4299999999999997,PXI,950,8,45.07,2023-08-30 04:00:00+00:00
799,1.2199999999999989,PXI,958,23,46.5,2023-09-12 04:00:00+00:00
800,-0.7899999999999991,PXI,981,3,45.28,2023-10-13 04:00:00+00:00
801,0.0,DIG,0,105,0.0,2019-11-19 05:00:00+00:00
802,-42.60000000000001,DIG,105,9,26.08,2020-04-22 04:00:00+00:00
803,-12.139999999999986,DIG,114,9,68.68,2020-05-05 04:00:00+00:00
804,4.539999999999992,DIG,123,5,80.82,2020-05-18 04:00:00+00:00
805,-8.590000000000003,DIG,128,2,76.28,2020-05-26 04:00:00+00:00
806,4.976700000000008,DIG,130,3,84.87,2020-05-28 04:00:00+00:00
807,-7.426699999999997,DIG,133,2,79.8933,2020-06-02 04:00:00+00:00
808,-17.370000000000005,DIG,135,5,87.32,2020-06-04 04:00:00+00:00
809,30.75,DIG,140,13,104.69,2020-06-11 04:00:00+00:00
810,2.200000000000003,DIG,153,5,73.94,2020-06-30 04:00:00+00:00
811,21.488799999999998,DIG,158,65,71.74,2020-07-08 04:00:00+00:00
812,1.2012,DIG,223,4,50.2512,2020-10-08 04:00:00+00:00
813,1.5302000000000007,DIG,227,6,49.05,2020-10-14 04:00:00+00:00
814,2.0697999999999936,DIG,233,3,47.5198,2020-10-22 04:00:00+00:00
815,-2.5700000000000003,DIG,236,6,45.45,2020-10-27 04:00:00+00:00
816,-29.29,DIG,242,17,48.02,2020-11-04 05:00:00+00:00
817,2.3100000000000023,DIG,259,3,77.31,2020-11-30 05:00:00+00:00
818,-2.9399999999999977,DIG,262,12,75.0,2020-12-03 05:00:00+00:00
819,2.4399999999999977,DIG,274,8,77.94,2020-12-21 05:00:00+00:00
820,-20.819999999999993,DIG,282,10,75.5,2021-01-04 05:00:00+00:00
821,13.2517,DIG,292,10,96.32,2021-01-19 05:00:00+00:00
822,-12.541700000000006,DIG,302,8,83.0683,2021-02-02 05:00:00+00:00
823,-11.180000000000007,DIG,310,2,95.61,2021-02-12 05:00:00+00:00
824,-9.14,DIG,312,42,106.79,2021-02-17 05:00:00+00:00
825,47.97000000000001,DIG,354,28,115.93,2021-04-19 04:00:00+00:00
826,-5.7250000000000085,DIG,382,15,67.96,2021-05-27 04:00:00+00:00
827,3.375,DIG,397,17,73.685,2021-06-18 04:00:00+00:00
828,7.609999999999999,DIG,414,45,70.31,2021-07-14 04:00:00+00:00
829,-17.17,DIG,459,17,62.7,2021-09-16 04:00:00+00:00
830,-1.7199999999999989,DIG,476,9,79.87,2021-10-11 04:00:00+00:00
831,-5.61999999999999,DIG,485,2,81.59,2021-10-22 04:00:00+00:00
832,4.97999999999999,DIG,487,3,87.21,2021-10-26 04:00:00+00:00
833,-3.8499999999999943,DIG,490,6,82.23,2021-10-29 04:00:00+00:00
834,4.439999999999998,DIG,496,8,86.08,2021-11-08 05:00:00+00:00
835,2.6400000000000006,DIG,504,11,81.64,2021-11-18 05:00:00+00:00
836,-2.1200000000000045,DIG,515,3,79.0,2021-12-06 05:00:00+00:00
837,-16.739999999999995,DIG,518,24,81.12,2021-12-09 05:00:00+00:00
838,-0.12000000000000455,DIG,542,8,97.86,2022-01-13 05:00:00+00:00
839,-6.399000000000001,DIG,550,2,97.98,2022-01-26 05:00:00+00:00
840,-8.280999999999992,DIG,552,7,104.379,2022-01-28 05:00:00+00:00
841,-3.853200000000001,DIG,559,3,112.66,2022-02-08 05:00:00+00:00
842,5.793199999999999,DIG,562,3,116.5132,2022-02-11 05:00:00+00:00
843,-5.329999999999998,DIG,565,3,110.72,2022-02-16 05:00:00+00:00
844,12.308999999999997,DIG,568,3,116.05,2022-02-22 05:00:00+00:00
845,-9.944000000000003,DIG,571,2,103.741,2022-02-25 05:00:00+00:00
846,-15.164999999999992,DIG,573,10,113.685,2022-03-01 05:00:00+00:00
847,-12.150000000000006,DIG,583,6,128.85,2022-03-15 04:00:00+00:00
848,-0.060000000000002274,DIG,589,5,141.0,2022-03-23 04:00:00+00:00
849,-4.969999999999999,DIG,594,4,141.06,2022-03-30 04:00:00+00:00
850,6.699999999999989,DIG,598,3,146.03,2022-04-05 04:00:00+00:00
851,-12.48999999999998,DIG,601,4,139.33,2022-04-08 04:00:00+00:00
852,-1.3499999999999943,DIG,605,5,151.82,2022-04-14 04:00:00+00:00
853,16.389999999999986,DIG,610,4,153.17,2022-04-22 04:00:00+00:00
854,-10.120000000000005,DIG,614,8,136.78,2022-04-28 04:00:00+00:00
855,100.10000000000001,DIG,622,19,146.9,2022-05-10 04:00:00+00:00
856,9.489999999999995,DIG,641,62,46.8,2022-06-07 04:00:00+00:00
857,-5.829999999999998,DIG,703,35,37.31,2022-09-06 04:00:00+00:00
858,-5.609999999999999,DIG,738,17,43.14,2022-10-25 04:00:00+00:00
859,6.159999999999997,DIG,755,33,48.75,2022-11-17 05:00:00+00:00
860,-2.039999999999999,DIG,788,6,42.59,2023-01-06 05:00:00+00:00
861,11.6618,DIG,794,43,44.63,2023-01-17 05:00:00+00:00
862,-7.381799999999998,DIG,837,20,32.9682,2023-03-20 04:00:00+00:00
863,5.340000000000003,DIG,857,35,40.35,2023-04-18 04:00:00+00:00
864,-0.1700000000000017,DIG,892,3,35.01,2023-06-07 04:00:00+00:00
865,0.0,MCFT,0,42,0.0,2019-11-19 05:00:00+00:00
866,-0.09999999999999964,MCFT,42,2,15.65,2020-01-22 05:00:00+00:00
867,-1.6000000000000014,MCFT,44,7,15.75,2020-01-24 05:00:00+00:00
868,-1.509999999999998,MCFT,51,2,17.35,2020-02-04 05:00:00+00:00
869,-0.5399999999999991,MCFT,53,9,18.86,2020-02-06 05:00:00+00:00
870,12.159999999999998,MCFT,62,20,19.4,2020-02-20 05:00:00+00:00
871,0.9000000000000004,MCFT,82,3,7.24,2020-03-19 04:00:00+00:00
872,-1.1100000000000003,MCFT,85,12,6.34,2020-03-24 04:00:00+00:00
873,-2.335,MCFT,97,19,7.45,2020-04-09 04:00:00+00:00
874,-1.2799999999999994,MCFT,116,2,9.785,2020-05-07 04:00:00+00:00
875,0.6549999999999994,MCFT,118,3,11.065,2020-05-11 04:00:00+00:00
876,-1.0999999999999996,MCFT,121,2,10.41,2020-05-14 04:00:00+00:00
877,-1.4700000000000006,MCFT,123,5,11.51,2020-05-18 04:00:00+00:00
878,-1.0099,MCFT,128,2,12.98,2020-05-26 04:00:00+00:00
879,-2.860100000000001,MCFT,130,11,13.9899,2020-05-28 04:00:00+00:00
880,-1.75,MCFT,141,5,16.85,2020-06-12 04:00:00+00:00
881,0.23000000000000043,MCFT,146,6,18.6,2020-06-19 04:00:00+00:00
882,-1.1400000000000006,MCFT,152,2,18.37,2020-06-29 04:00:00+00:00
883,1.5300000000000011,MCFT,154,6,19.51,2020-07-01 04:00:00+00:00
884,-1.0199999999999996,MCFT,160,3,17.98,2020-07-10 04:00:00+00:00
885,-2.0700000000000003,MCFT,163,13,19.0,2020-07-15 04:00:00+00:00
886,0.07000000000000028,MCFT,176,8,21.07,2020-08-03 04:00:00+00:00
887,-0.3442000000000007,MCFT,184,7,21.0,2020-08-13 04:00:00+00:00
888,-0.5157999999999987,MCFT,191,3,21.3442,2020-08-24 04:00:00+00:00
889,0.9499999999999993,MCFT,194,3,21.86,2020-08-27 04:00:00+00:00
890,-1.8200000000000003,MCFT,197,47,20.91,2020-09-01 04:00:00+00:00
891,0.8500000000000014,MCFT,244,3,22.73,2020-11-06 05:00:00+00:00
892,-1.870000000000001,MCFT,247,2,21.88,2020-11-11 05:00:00+00:00
893,0.9100000000000001,MCFT,249,4,23.75,2020-11-13 05:00:00+00:00
894,-0.3099999999999987,MCFT,253,13,22.84,2020-11-19 05:00:00+00:00
895,-1.7250000000000014,MCFT,266,16,23.15,2020-12-09 05:00:00+00:00
896,-1.8049999999999997,MCFT,282,6,24.875,2021-01-04 05:00:00+00:00
897,-1.1064000000000007,MCFT,288,11,26.68,2021-01-12 05:00:00+00:00
898,-0.053599999999999426,MCFT,299,7,27.7864,2021-01-28 05:00:00+00:00
899,0.75,MCFT,306,6,27.84,2021-02-08 05:00:00+00:00
900,-0.6799999999999997,MCFT,312,4,27.09,2021-02-17 05:00:00+00:00
901,1.3299999999999983,MCFT,316,4,27.77,2021-02-23 05:00:00+00:00
902,-2.4599999999999973,MCFT,320,2,26.44,2021-03-01 05:00:00+00:00
903,-0.19000000000000128,MCFT,322,14,28.9,2021-03-03 05:00:00+00:00
904,1.9100000000000001,MCFT,336,7,29.09,2021-03-23 04:00:00+00:00
905,-0.879999999999999,MCFT,343,7,27.18,2021-04-01 04:00:00+00:00
906,2.5600999999999985,MCFT,350,49,28.06,2021-04-13 04:00:00+00:00
907,0.02990000000000137,MCFT,399,9,25.4999,2021-06-22 04:00:00+00:00
908,-1.1000000000000014,MCFT,408,4,25.47,2021-07-06 04:00:00+00:00
909,-0.08999999999999986,MCFT,412,15,26.57,2021-07-12 04:00:00+00:00
910,-1.7199999999999989,MCFT,427,88,26.66,2021-08-02 04:00:00+00:00
911,1.1050000000000004,MCFT,515,7,28.38,2021-12-06 05:00:00+00:00
912,1.139999999999997,MCFT,522,6,27.275,2021-12-15 05:00:00+00:00
913,-0.9849999999999994,MCFT,528,3,26.135,2021-12-23 05:00:00+00:00
914,2.4250000000000007,MCFT,531,22,27.12,2021-12-29 05:00:00+00:00
915,-3.3150000000000013,MCFT,553,11,24.695,2022-01-31 05:00:00+00:00
916,-0.21499999999999986,MCFT,564,7,28.01,2022-02-15 05:00:00+00:00
917,0.3450000000000024,MCFT,571,6,28.225,2022-02-25 05:00:00+00:00
918,1.0599999999999987,MCFT,577,7,27.88,2022-03-07 05:00:00+00:00
919,0.33000000000000185,MCFT,584,5,26.82,2022-03-16 04:00:00+00:00
920,1.1999999999999993,MCFT,589,4,26.49,2022-03-23 04:00:00+00:00
921,0.9600000000000009,MCFT,593,4,25.29,2022-03-29 04:00:00+00:00
922,-0.9200000000000017,MCFT,597,90,24.33,2022-04-04 04:00:00+00:00
923,-0.8500000000000014,MCFT,687,7,25.25,2022-08-12 04:00:00+00:00
924,4.030000000000001,MCFT,694,16,26.1,2022-08-23 04:00:00+00:00
925,0.7300000000000004,MCFT,710,3,22.07,2022-09-15 04:00:00+00:00
926,1.5,MCFT,713,10,21.34,2022-09-20 04:00:00+00:00
927,-0.35999999999999943,MCFT,723,12,19.84,2022-10-04 04:00:00+00:00
928,-1.1700000000000017,MCFT,735,3,20.2,2022-10-20 04:00:00+00:00
929,-0.25,MCFT,738,7,21.37,2022-10-25 04:00:00+00:00
930,-3.669999999999998,MCFT,745,6,21.62,2022-11-03 04:00:00+00:00
931,0.35999999999999943,MCFT,751,4,25.29,2022-11-11 05:00:00+00:00
932,-0.4800000000000004,MCFT,755,4,24.93,2022-11-17 05:00:00+00:00
933,-0.6699999999999982,MCFT,759,12,25.41,2022-11-23 05:00:00+00:00
934,-0.5200000000000031,MCFT,771,2,26.08,2022-12-12 05:00:00+00:00
935,0.7900000000000027,MCFT,773,4,26.6,2022-12-14 05:00:00+00:00
936,-0.4200000000000017,MCFT,777,4,25.81,2022-12-20 05:00:00+00:00
937,-1.8900000000000006,MCFT,781,16,26.23,2022-12-27 05:00:00+00:00
938,-1.1699999999999982,MCFT,797,2,28.12,2023-01-20 05:00:00+00:00
939,0.259999999999998,MCFT,799,3,29.29,2023-01-24 05:00:00+00:00
940,-0.5350000000000001,MCFT,802,3,29.03,2023-01-27 05:00:00+00:00
941,-3.6449999999999996,MCFT,805,17,29.565,2023-02-01 05:00:00+00:00
942,-1.5799999999999983,MCFT,822,4,33.21,2023-02-27 05:00:00+00:00
943,0.6799999999999997,MCFT,826,5,34.79,2023-03-03 05:00:00+00:00
944,1.7000000000000028,MCFT,831,4,34.11,2023-03-10 05:00:00+00:00
945,1.769999999999996,MCFT,835,3,32.41,2023-03-16 04:00:00+00:00
946,0.5399999999999991,MCFT,838,30,30.64,2023-03-21 04:00:00+00:00
947,1.3800000000000026,MCFT,868,3,30.1,2023-05-03 04:00:00+00:00
948,-0.5800000000000018,MCFT,871,2,28.72,2023-05-08 04:00:00+00:00
949,1.5800000000000018,MCFT,873,3,29.3,2023-05-10 04:00:00+00:00
950,6.369999999999997,MCFT,876,84,27.72,2023-05-15 04:00:00+00:00
951,0.22000000000000242,MCFT,960,6,21.35,2023-09-14 04:00:00+00:00
952,-0.6799999999999997,MCFT,966,4,21.13,2023-09-22 04:00:00+00:00
953,-0.19000000000000128,MCFT,970,6,21.81,2023-09-28 04:00:00+00:00
954,-0.48999999999999844,MCFT,976,4,22.0,2023-10-06 04:00:00+00:00
955,0.5599999999999987,MCFT,980,8,22.49,2023-10-12 04:00:00+00:00
